{"files":{"background-cc01751bfd632b4ac999606eef3b050c.jpg":{"logical_path":"background.jpg","mtime":"2014-11-24T18:59:56+00:00","size":3662551,"digest":"cc01751bfd632b4ac999606eef3b050c"},"logo-01-8fd5a1cbfd4a0e0aea754cda64ddbcef.png":{"logical_path":"logo-01.png","mtime":"2014-11-24T18:59:56+00:00","size":3976,"digest":"8fd5a1cbfd4a0e0aea754cda64ddbcef"},"application-c3205a9b9d7d749e887f339b21c3e510.js":{"logical_path":"application.js","mtime":"2014-11-24T15:56:50+00:00","size":325803,"digest":"c3205a9b9d7d749e887f339b21c3e510"},"application-f845e1fecd4f579523d97a81a0a65ab1.css":{"logical_path":"application.css","mtime":"2014-11-24T17:51:19+00:00","size":6089,"digest":"f845e1fecd4f579523d97a81a0a65ab1"},"web_console/application-2ef79726a163afe34cecd6bacd302b2c.js":{"logical_path":"web_console/application.js","mtime":"2014-11-24T08:34:27+00:00","size":154797,"digest":"2ef79726a163afe34cecd6bacd302b2c"},"web_console/application-1cde24278f39770b8d0365ceeac26953.css":{"logical_path":"web_console/application.css","mtime":"2014-11-24T08:34:27+00:00","size":750,"digest":"1cde24278f39770b8d0365ceeac26953"},"application-9ecfe0a10ff34093f7bcc9275cd2e7fe.js":{"logical_path":"application.js","mtime":"2014-11-24T20:50:50+00:00","size":325898,"digest":"9ecfe0a10ff34093f7bcc9275cd2e7fe"},"application-482ed92a7c9517b3e0a201b35190876a.css":{"logical_path":"application.css","mtime":"2014-11-24T19:44:41+00:00","size":7528,"digest":"482ed92a7c9517b3e0a201b35190876a"},"application-1187899e39f8fa802af0fdd6df78665b.js":{"logical_path":"application.js","mtime":"2014-11-24T20:24:17+00:00","size":327076,"digest":"1187899e39f8fa802af0fdd6df78665b"},"application-a44afb9c79cb78250106c9370905b3f8.js":{"logical_path":"application.js","mtime":"2014-11-24T20:28:10+00:00","size":325804,"digest":"a44afb9c79cb78250106c9370905b3f8"},"application-e7c2b1bd90b51bb2e4b4f0e382547f82.css":{"logical_path":"application.css","mtime":"2014-11-25T15:35:20+00:00","size":15091,"digest":"e7c2b1bd90b51bb2e4b4f0e382547f82"},"application-1505cdc8a19058475f7677ef00627256.css":{"logical_path":"application.css","mtime":"2014-11-26T10:57:19+00:00","size":20463,"digest":"1505cdc8a19058475f7677ef00627256"},"application-9ca9d7169e6b1d6ecb253a9d1990d9a6.js":{"logical_path":"application.js","mtime":"2014-11-26T16:34:27+00:00","size":326832,"digest":"9ca9d7169e6b1d6ecb253a9d1990d9a6"},"application-ce3b4a41f7d0b0dc1a66cba487278351.css":{"logical_path":"application.css","mtime":"2014-11-26T19:54:44+00:00","size":28499,"digest":"ce3b4a41f7d0b0dc1a66cba487278351"}},"assets":{"background.jpg":"background-cc01751bfd632b4ac999606eef3b050c.jpg","logo-01.png":"logo-01-8fd5a1cbfd4a0e0aea754cda64ddbcef.png","application.js":"application-9ca9d7169e6b1d6ecb253a9d1990d9a6.js","application.css":"application-ce3b4a41f7d0b0dc1a66cba487278351.css","web_console/application.js":"web_console/application-2ef79726a163afe34cecd6bacd302b2c.js","web_console/application.css":"web_console/application-1cde24278f39770b8d0365ceeac26953.css"}}